,Datetime,Precipitation [mm]
0,1901-01-01,30.08
1,1901-02-01,29.16
2,1901-03-01,61.27
3,1901-04-01,84.44
4,1901-05-01,20.59
5,1901-06-01,53.2
6,1901-07-01,62.3
7,1901-08-01,114.61
8,1901-09-01,122.32
9,1901-10-01,83.99
10,1901-11-01,26.04
11,1901-12-01,64.56
12,1902-01-01,62.39
13,1902-02-01,44.78
14,1902-03-01,59.97
15,1902-04-01,36.67
16,1902-05-01,77.7
17,1902-06-01,68.19
18,1902-07-01,33.25
19,1902-08-01,55.03
20,1902-09-01,25.08
21,1902-10-01,47.08
22,1902-11-01,21.07
23,1902-12-01,62.24
24,1903-01-01,41.34
25,1903-02-01,9.32
26,1903-03-01,34.84
27,1903-04-01,49.93
28,1903-05-01,33.72
29,1903-06-01,57.53
30,1903-07-01,134.87
31,1903-08-01,78.22
32,1903-09-01,38.64
33,1903-10-01,72.32
34,1903-11-01,69.3
35,1903-12-01,23.49
36,1904-01-01,38.0
37,1904-02-01,80.73
38,1904-03-01,45.28
39,1904-04-01,45.07
40,1904-05-01,75.6
41,1904-06-01,86.31
42,1904-07-01,35.28
43,1904-08-01,72.9
44,1904-09-01,93.49
45,1904-10-01,32.46
46,1904-11-01,39.71
47,1904-12-01,37.34
48,1905-01-01,37.4
49,1905-02-01,22.11
50,1905-03-01,70.93
51,1905-04-01,23.75
52,1905-05-01,39.0
53,1905-06-01,59.51
54,1905-07-01,46.76
55,1905-08-01,65.42
56,1905-09-01,54.74
57,1905-10-01,71.22
58,1905-11-01,68.26
59,1905-12-01,33.12
60,1906-01-01,62.13
61,1906-02-01,40.58
62,1906-03-01,76.63
63,1906-04-01,37.74
64,1906-05-01,70.54
65,1906-06-01,64.63
66,1906-07-01,70.7
67,1906-08-01,58.32
68,1906-09-01,36.51
69,1906-10-01,30.31
70,1906-11-01,53.03
71,1906-12-01,54.73
72,1907-01-01,39.31
73,1907-02-01,41.21
74,1907-03-01,52.12
75,1907-04-01,44.68
76,1907-05-01,57.04
77,1907-06-01,32.28
78,1907-07-01,73.11
79,1907-08-01,21.59
80,1907-09-01,31.08
81,1907-10-01,39.85
82,1907-11-01,32.02
83,1907-12-01,69.94
84,1908-01-01,24.17
85,1908-02-01,61.83
86,1908-03-01,35.47
87,1908-04-01,66.89
88,1908-05-01,107.03
89,1908-06-01,54.88
90,1908-07-01,74.96
91,1908-08-01,116.39
92,1908-09-01,44.58
93,1908-10-01,5.33
94,1908-11-01,28.44
95,1908-12-01,23.16
96,1909-01-01,40.88
97,1909-02-01,20.54
98,1909-03-01,19.97
99,1909-04-01,60.8
100,1909-05-01,27.85
101,1909-06-01,82.01
102,1909-07-01,106.21
103,1909-08-01,41.79
104,1909-09-01,102.0
105,1909-10-01,61.76
106,1909-11-01,48.73
107,1909-12-01,80.37
108,1910-01-01,71.82
109,1910-02-01,69.46
110,1910-03-01,17.95
111,1910-04-01,47.04
112,1910-05-01,66.6
113,1910-06-01,147.94
114,1910-07-01,120.84
115,1910-08-01,99.27
116,1910-09-01,47.66
117,1910-10-01,16.31
118,1910-11-01,157.28
119,1910-12-01,64.12
120,1911-01-01,25.24
121,1911-02-01,29.43
122,1911-03-01,57.72
123,1911-04-01,27.23
124,1911-05-01,39.62
125,1911-06-01,66.01
126,1911-07-01,13.13
127,1911-08-01,31.03
128,1911-09-01,44.11
129,1911-10-01,54.61
130,1911-11-01,72.89
131,1911-12-01,76.16
132,1912-01-01,45.87
133,1912-02-01,42.5
134,1912-03-01,69.14
135,1912-04-01,23.57
136,1912-05-01,55.94
137,1912-06-01,47.11
138,1912-07-01,77.51
139,1912-08-01,121.92
140,1912-09-01,70.57
141,1912-10-01,59.54
142,1912-11-01,40.54
143,1912-12-01,58.17
144,1913-01-01,53.96
145,1913-02-01,31.25
146,1913-03-01,42.79
147,1913-04-01,33.6
148,1913-05-01,66.79
149,1913-06-01,66.77
150,1913-07-01,92.48
151,1913-08-01,48.18
152,1913-09-01,93.36
153,1913-10-01,25.22
154,1913-11-01,94.18
155,1913-12-01,63.63
156,1914-01-01,48.8
157,1914-02-01,34.4
158,1914-03-01,94.76
159,1914-04-01,20.7
160,1914-05-01,98.16
161,1914-06-01,69.17
162,1914-07-01,79.87
163,1914-08-01,107.41
164,1914-09-01,107.48
165,1914-10-01,37.35
166,1914-11-01,35.41
167,1914-12-01,59.5
168,1915-01-01,75.24
169,1915-02-01,32.66
170,1915-03-01,46.39
171,1915-04-01,40.68
172,1915-05-01,65.38
173,1915-06-01,33.79
174,1915-07-01,60.21
175,1915-08-01,93.32
176,1915-09-01,28.5
177,1915-10-01,24.51
178,1915-11-01,33.75
179,1915-12-01,126.81
180,1916-01-01,43.01
181,1916-02-01,65.94
182,1916-03-01,36.94
183,1916-04-01,63.96
184,1916-05-01,46.45
185,1916-06-01,74.76
186,1916-07-01,73.81
187,1916-08-01,80.22
188,1916-09-01,91.39
189,1916-10-01,56.64
190,1916-11-01,52.58
191,1916-12-01,76.87
192,1917-01-01,40.93
193,1917-02-01,12.3
194,1917-03-01,53.68
195,1917-04-01,27.59
196,1917-05-01,46.61
197,1917-06-01,101.46
198,1917-07-01,68.87
199,1917-08-01,119.4
200,1917-09-01,19.16
201,1917-10-01,101.63
202,1917-11-01,37.16
203,1917-12-01,25.53
204,1918-01-01,64.59
205,1918-02-01,19.88
206,1918-03-01,32.97
207,1918-04-01,67.04
208,1918-05-01,41.55
209,1918-06-01,35.35
210,1918-07-01,60.3
211,1918-08-01,43.55
212,1918-09-01,105.38
213,1918-10-01,47.57
214,1918-11-01,36.13
215,1918-12-01,83.2
216,1919-01-01,29.62
217,1919-02-01,59.09
218,1919-03-01,68.01
219,1919-04-01,69.61
220,1919-05-01,19.02
221,1919-06-01,45.77
222,1919-07-01,116.07
223,1919-08-01,42.62
224,1919-09-01,47.04
225,1919-10-01,34.8
226,1919-11-01,103.66
227,1919-12-01,118.84
228,1920-01-01,96.48
229,1920-02-01,18.13
230,1920-03-01,39.65
231,1920-04-01,50.22
232,1920-05-01,43.26
233,1920-06-01,35.19
234,1920-07-01,101.97
235,1920-08-01,49.42
236,1920-09-01,105.35
237,1920-10-01,45.91
238,1920-11-01,5.56
239,1920-12-01,36.74
240,1921-01-01,58.2
241,1921-02-01,10.63
242,1921-03-01,12.72
243,1921-04-01,12.95
244,1921-05-01,65.24
245,1921-06-01,23.15
246,1921-07-01,13.79
247,1921-08-01,89.01
248,1921-09-01,43.28
249,1921-10-01,10.87
250,1921-11-01,35.36
251,1921-12-01,33.83
252,1922-01-01,69.05
253,1922-02-01,46.03
254,1922-03-01,68.84
255,1922-04-01,146.78
256,1922-05-01,26.1
257,1922-06-01,48.98
258,1922-07-01,74.86
259,1922-08-01,109.55
260,1922-09-01,100.9
261,1922-10-01,60.86
262,1922-11-01,59.11
263,1922-12-01,75.68
264,1923-01-01,44.84
265,1923-02-01,64.69
266,1923-03-01,43.39
267,1923-04-01,45.95
268,1923-05-01,82.92
269,1923-06-01,45.07
270,1923-07-01,37.28
271,1923-08-01,41.07
272,1923-09-01,64.83
273,1923-10-01,151.11
274,1923-11-01,65.08
275,1923-12-01,56.27
276,1924-01-01,21.57
277,1924-02-01,20.18
278,1924-03-01,48.61
279,1924-04-01,83.8
280,1924-05-01,63.15
281,1924-06-01,62.21
282,1924-07-01,63.38
283,1924-08-01,110.85
284,1924-09-01,88.53
285,1924-10-01,58.97
286,1924-11-01,79.82
287,1924-12-01,29.25
288,1925-01-01,42.13
289,1925-02-01,40.81
290,1925-03-01,48.24
291,1925-04-01,57.0
292,1925-05-01,47.18
293,1925-06-01,26.67
294,1925-07-01,50.82
295,1925-08-01,84.1
296,1925-09-01,90.95
297,1925-10-01,34.92
298,1925-11-01,56.96
299,1925-12-01,103.83
300,1926-01-01,38.83
301,1926-02-01,66.33
302,1926-03-01,38.12
303,1926-04-01,26.98
304,1926-05-01,92.66
305,1926-06-01,75.31
306,1926-07-01,74.77
307,1926-08-01,41.1
308,1926-09-01,20.11
309,1926-10-01,87.99
310,1926-11-01,37.8
311,1926-12-01,29.69
312,1927-01-01,34.65
313,1927-02-01,54.72
314,1927-03-01,54.21
315,1927-04-01,81.5
316,1927-05-01,42.78
317,1927-06-01,70.25
318,1927-07-01,109.79
319,1927-08-01,103.67
320,1927-09-01,114.5
321,1927-10-01,28.12
322,1927-11-01,98.27
323,1927-12-01,41.05
324,1928-01-01,42.76
325,1928-02-01,61.92
326,1928-03-01,15.61
327,1928-04-01,86.24
328,1928-05-01,38.72
329,1928-06-01,69.69
330,1928-07-01,45.38
331,1928-08-01,58.41
332,1928-09-01,29.45
333,1928-10-01,67.86
334,1928-11-01,86.46
335,1928-12-01,67.38
336,1929-01-01,22.32
337,1929-02-01,16.93
338,1929-03-01,2.1
339,1929-04-01,41.25
340,1929-05-01,42.93
341,1929-06-01,79.97
342,1929-07-01,63.12
343,1929-08-01,28.21
344,1929-09-01,32.91
345,1929-10-01,57.51
346,1929-11-01,35.09
347,1929-12-01,84.99
348,1930-01-01,29.85
349,1930-02-01,27.64
350,1930-03-01,55.58
351,1930-04-01,76.62
352,1930-05-01,99.76
353,1930-06-01,66.4
354,1930-07-01,104.06
355,1930-08-01,61.72
356,1930-09-01,74.56
357,1930-10-01,140.03
358,1930-11-01,128.11
359,1930-12-01,33.16
360,1931-01-01,106.64
361,1931-02-01,41.82
362,1931-03-01,25.61
363,1931-04-01,74.55
364,1931-05-01,105.24
365,1931-06-01,76.33
366,1931-07-01,118.78
367,1931-08-01,138.49
368,1931-09-01,57.62
369,1931-10-01,29.28
370,1931-11-01,26.75
371,1931-12-01,47.02
372,1932-01-01,45.09
373,1932-02-01,8.65
374,1932-03-01,27.11
375,1932-04-01,71.09
376,1932-05-01,90.75
377,1932-06-01,64.46
378,1932-07-01,112.41
379,1932-08-01,53.01
380,1932-09-01,87.17
381,1932-10-01,115.1
382,1932-11-01,40.67
383,1932-12-01,9.4
384,1933-01-01,19.27
385,1933-02-01,26.36
386,1933-03-01,43.18
387,1933-04-01,16.78
388,1933-05-01,107.26
389,1933-06-01,115.83
390,1933-07-01,32.89
391,1933-08-01,35.81
392,1933-09-01,39.53
393,1933-10-01,61.61
394,1933-11-01,56.96
395,1933-12-01,7.48
396,1934-01-01,48.68
397,1934-02-01,14.53
398,1934-03-01,56.09
399,1934-04-01,12.94
400,1934-05-01,14.89
401,1934-06-01,71.53
402,1934-07-01,46.32
403,1934-08-01,83.27
404,1934-09-01,40.07
405,1934-10-01,52.35
406,1934-11-01,41.97
407,1934-12-01,35.65
408,1935-01-01,40.37
409,1935-02-01,78.93
410,1935-03-01,18.16
411,1935-04-01,130.62
412,1935-05-01,59.87
413,1935-06-01,72.58
414,1935-07-01,19.14
415,1935-08-01,56.57
416,1935-09-01,71.94
417,1935-10-01,73.95
418,1935-11-01,35.39
419,1935-12-01,78.02
420,1936-01-01,80.31
421,1936-02-01,49.49
422,1936-03-01,22.45
423,1936-04-01,108.53
424,1936-05-01,15.58
425,1936-06-01,83.2
426,1936-07-01,112.58
427,1936-08-01,73.08
428,1936-09-01,78.05
429,1936-10-01,29.4
430,1936-11-01,45.82
431,1936-12-01,28.85
432,1937-01-01,65.6
433,1937-02-01,104.36
434,1937-03-01,55.66
435,1937-04-01,113.21
436,1937-05-01,26.3
437,1937-06-01,82.27
438,1937-07-01,24.54
439,1937-08-01,54.04
440,1937-09-01,52.33
441,1937-10-01,24.39
442,1937-11-01,24.89
443,1937-12-01,45.18
444,1938-01-01,103.65
445,1938-02-01,35.35
446,1938-03-01,11.85
447,1938-04-01,17.25
448,1938-05-01,54.67
449,1938-06-01,41.9
450,1938-07-01,91.25
451,1938-08-01,91.26
452,1938-09-01,55.94
453,1938-10-01,76.69
454,1938-11-01,49.74
455,1938-12-01,35.69
456,1939-01-01,85.31
457,1939-02-01,21.9
458,1939-03-01,74.76
459,1939-04-01,71.73
460,1939-05-01,56.85
461,1939-06-01,88.44
462,1939-07-01,69.73
463,1939-08-01,48.66
464,1939-09-01,121.67
465,1939-10-01,183.69
466,1939-11-01,64.33
467,1939-12-01,35.12
468,1940-01-01,27.52
469,1940-02-01,43.31
470,1940-03-01,80.53
471,1940-04-01,57.3
472,1940-05-01,26.91
473,1940-06-01,71.57
474,1940-07-01,146.59
475,1940-08-01,48.55
476,1940-09-01,115.18
477,1940-10-01,34.22
478,1940-11-01,69.98
479,1940-12-01,35.8
480,1941-01-01,124.39
481,1941-02-01,47.5
482,1941-03-01,82.48
483,1941-04-01,57.54
484,1941-05-01,75.09
485,1941-06-01,108.13
486,1941-07-01,47.99
487,1941-08-01,96.17
488,1941-09-01,20.42
489,1941-10-01,95.73
490,1941-11-01,30.82
491,1941-12-01,49.81
492,1942-01-01,55.47
493,1942-02-01,26.73
494,1942-03-01,56.78
495,1942-04-01,37.97
496,1942-05-01,69.93
497,1942-06-01,66.23
498,1942-07-01,89.57
499,1942-08-01,31.91
500,1942-09-01,68.98
501,1942-10-01,48.59
502,1942-11-01,54.57
503,1942-12-01,21.25
504,1943-01-01,51.36
505,1943-02-01,26.51
506,1943-03-01,18.36
507,1943-04-01,52.85
508,1943-05-01,72.15
509,1943-06-01,65.73
510,1943-07-01,74.13
511,1943-08-01,54.79
512,1943-09-01,49.72
513,1943-10-01,3.83
514,1943-11-01,75.76
515,1943-12-01,17.1
516,1944-01-01,64.69
517,1944-02-01,38.12
518,1944-03-01,23.71
519,1944-04-01,36.76
520,1944-05-01,14.18
521,1944-06-01,77.79
522,1944-07-01,74.63
523,1944-08-01,23.8
524,1944-09-01,85.94
525,1944-10-01,60.25
526,1944-11-01,109.04
527,1944-12-01,64.41
528,1945-01-01,45.92
529,1945-02-01,60.64
530,1945-03-01,26.22
531,1945-04-01,30.77
532,1945-05-01,62.3
533,1945-06-01,77.42
534,1945-07-01,54.41
535,1945-08-01,133.22
536,1945-09-01,54.01
537,1945-10-01,14.87
538,1945-11-01,32.88
539,1945-12-01,52.98
540,1946-01-01,23.4
541,1946-02-01,88.04
542,1946-03-01,12.62
543,1946-04-01,30.12
544,1946-05-01,109.69
545,1946-06-01,113.09
546,1946-07-01,45.51
547,1946-08-01,45.12
548,1946-09-01,42.25
549,1946-10-01,47.97
550,1946-11-01,27.4
551,1946-12-01,29.5
552,1947-01-01,37.16
553,1947-02-01,31.73
554,1947-03-01,91.86
555,1947-04-01,35.74
556,1947-05-01,52.88
557,1947-06-01,47.87
558,1947-07-01,49.05
559,1947-08-01,11.97
560,1947-09-01,21.61
561,1947-10-01,21.93
562,1947-11-01,99.84
563,1947-12-01,134.2
564,1948-01-01,105.0
565,1948-02-01,47.66
566,1948-03-01,17.53
567,1948-04-01,44.4
568,1948-05-01,67.15
569,1948-06-01,90.71
570,1948-07-01,94.78
571,1948-08-01,103.87
572,1948-09-01,26.11
573,1948-10-01,44.58
574,1948-11-01,36.89
575,1948-12-01,30.58
576,1949-01-01,30.67
577,1949-02-01,14.55
578,1949-03-01,33.42
579,1949-04-01,37.04
580,1949-05-01,97.49
581,1949-06-01,22.16
582,1949-07-01,4.84
583,1949-08-01,54.56
584,1949-09-01,35.94
585,1949-10-01,52.47
586,1949-11-01,45.37
587,1949-12-01,56.45
588,1950-01-01,26.01
589,1950-02-01,84.48
590,1950-03-01,7.47
591,1950-04-01,90.68
592,1950-05-01,85.67
593,1950-06-01,74.68
594,1950-07-01,94.12
595,1950-08-01,111.68
596,1950-09-01,82.45
597,1950-10-01,20.56
598,1950-11-01,122.13
599,1950-12-01,56.38
600,1951-01-01,76.06
601,1951-02-01,43.61
602,1951-03-01,62.1
603,1951-04-01,36.36
604,1951-05-01,60.02
605,1951-06-01,133.56
606,1951-07-01,33.75
607,1951-08-01,60.19
608,1951-09-01,45.79
609,1951-10-01,19.27
610,1951-11-01,100.4
611,1951-12-01,30.0
612,1952-01-01,66.5
613,1952-02-01,60.47
614,1952-03-01,92.33
615,1952-04-01,44.52
616,1952-05-01,19.58
617,1952-06-01,41.19
618,1952-07-01,16.78
619,1952-08-01,56.04
620,1952-09-01,107.37
621,1952-10-01,102.15
622,1952-11-01,110.83
623,1952-12-01,124.2
624,1953-01-01,9.78
625,1953-02-01,62.34
626,1953-03-01,6.55
627,1953-04-01,35.34
628,1953-05-01,42.04
629,1953-06-01,115.03
630,1953-07-01,90.39
631,1953-08-01,37.72
632,1953-09-01,42.56
633,1953-10-01,23.03
634,1953-11-01,6.47
635,1953-12-01,17.35
636,1954-01-01,46.98
637,1954-02-01,28.45
638,1954-03-01,20.05
639,1954-04-01,61.06
640,1954-05-01,41.47
641,1954-06-01,50.54
642,1954-07-01,65.27
643,1954-08-01,100.68
644,1954-09-01,99.51
645,1954-10-01,61.29
646,1954-11-01,25.97
647,1954-12-01,65.98
648,1955-01-01,86.09
649,1955-02-01,59.24
650,1955-03-01,24.81
651,1955-04-01,22.05
652,1955-05-01,77.97
653,1955-06-01,101.93
654,1955-07-01,93.47
655,1955-08-01,46.67
656,1955-09-01,49.88
657,1955-10-01,31.3
658,1955-11-01,9.75
659,1955-12-01,91.3
660,1956-01-01,56.45
661,1956-02-01,11.77
662,1956-03-01,21.89
663,1956-04-01,76.14
664,1956-05-01,59.05
665,1956-06-01,67.66
666,1956-07-01,84.87
667,1956-08-01,79.62
668,1956-09-01,47.43
669,1956-10-01,73.0
670,1956-11-01,35.86
671,1956-12-01,21.46
672,1957-01-01,31.3
673,1957-02-01,83.05
674,1957-03-01,44.21
675,1957-04-01,20.54
676,1957-05-01,39.95
677,1957-06-01,105.41
678,1957-07-01,63.19
679,1957-08-01,77.09
680,1957-09-01,116.06
681,1957-10-01,18.5
682,1957-11-01,18.21
683,1957-12-01,43.74
684,1958-01-01,73.36
685,1958-02-01,114.33
686,1958-03-01,31.42
687,1958-04-01,29.87
688,1958-05-01,83.12
689,1958-06-01,79.04
690,1958-07-01,66.91
691,1958-08-01,125.13
692,1958-09-01,42.47
693,1958-10-01,40.58
694,1958-11-01,36.48
695,1958-12-01,93.02
696,1959-01-01,53.37
697,1959-02-01,0.0
698,1959-03-01,41.82
699,1959-04-01,43.28
700,1959-05-01,39.76
701,1959-06-01,61.45
702,1959-07-01,31.02
703,1959-08-01,52.92
704,1959-09-01,7.46
705,1959-10-01,37.37
706,1959-11-01,32.52
707,1959-12-01,51.98
708,1960-01-01,46.1
709,1960-02-01,53.29
710,1960-03-01,18.52
711,1960-04-01,29.22
712,1960-05-01,79.82
713,1960-06-01,38.62
714,1960-07-01,71.98
715,1960-08-01,130.89
716,1960-09-01,23.89
717,1960-10-01,85.44
718,1960-11-01,77.61
719,1960-12-01,53.43
720,1961-01-01,79.89
721,1961-02-01,36.71
722,1961-03-01,16.32
723,1961-04-01,80.78
724,1961-05-01,80.7
725,1961-06-01,114.27
726,1961-07-01,91.08
727,1961-08-01,63.23
728,1961-09-01,21.29
729,1961-10-01,54.27
730,1961-11-01,39.03
731,1961-12-01,57.8
732,1962-01-01,58.61
733,1962-02-01,59.81
734,1962-03-01,55.36
735,1962-04-01,44.04
736,1962-05-01,70.93
737,1962-06-01,20.88
738,1962-07-01,45.97
739,1962-08-01,30.99
740,1962-09-01,52.88
741,1962-10-01,11.17
742,1962-11-01,27.14
743,1962-12-01,46.87
744,1963-01-01,18.64
745,1963-02-01,23.38
746,1963-03-01,59.31
747,1963-04-01,30.49
748,1963-05-01,31.62
749,1963-06-01,85.1
750,1963-07-01,25.92
751,1963-08-01,108.58
752,1963-09-01,36.51
753,1963-10-01,38.76
754,1963-11-01,97.02
755,1963-12-01,0.74
756,1964-01-01,9.35
757,1964-02-01,37.33
758,1964-03-01,64.47
759,1964-04-01,31.15
760,1964-05-01,39.86
761,1964-06-01,33.5
762,1964-07-01,17.1
763,1964-08-01,50.78
764,1964-09-01,74.32
765,1964-10-01,55.01
766,1964-11-01,61.24
767,1964-12-01,21.95
768,1965-01-01,99.83
769,1965-02-01,29.95
770,1965-03-01,65.69
771,1965-04-01,74.45
772,1965-05-01,77.71
773,1965-06-01,118.88
774,1965-07-01,108.39
775,1965-08-01,54.51
776,1965-09-01,70.03
777,1965-10-01,13.03
778,1965-11-01,130.15
779,1965-12-01,128.49
780,1966-01-01,44.45
781,1966-02-01,35.21
782,1966-03-01,51.75
783,1966-04-01,58.28
784,1966-05-01,39.98
785,1966-06-01,96.78
786,1966-07-01,81.62
787,1966-08-01,100.22
788,1966-09-01,20.59
789,1966-10-01,69.25
790,1966-11-01,50.77
791,1966-12-01,117.04
792,1967-01-01,28.48
793,1967-02-01,33.78
794,1967-03-01,71.26
795,1967-04-01,34.88
796,1967-05-01,76.94
797,1967-06-01,52.36
798,1967-07-01,68.33
799,1967-08-01,81.55
800,1967-09-01,104.11
801,1967-10-01,68.55
802,1967-11-01,63.21
803,1967-12-01,58.15
804,1968-01-01,72.74
805,1968-02-01,54.81
806,1968-03-01,37.08
807,1968-04-01,99.96
808,1968-05-01,71.03
809,1968-06-01,81.79
810,1968-07-01,90.38
811,1968-08-01,194.26
812,1968-09-01,101.52
813,1968-10-01,46.12
814,1968-11-01,24.15
815,1968-12-01,43.47
816,1969-01-01,38.39
817,1969-02-01,64.32
818,1969-03-01,60.5
819,1969-04-01,77.97
820,1969-05-01,83.24
821,1969-06-01,98.45
822,1969-07-01,51.88
823,1969-08-01,97.61
824,1969-09-01,23.16
825,1969-10-01,2.48
826,1969-11-01,79.82
827,1969-12-01,25.92
828,1970-01-01,57.94
829,1970-02-01,136.37
830,1970-03-01,35.19
831,1970-04-01,83.44
832,1970-05-01,123.44
833,1970-06-01,50.52
834,1970-07-01,63.71
835,1970-08-01,44.57
836,1970-09-01,46.9
837,1970-10-01,50.06
838,1970-11-01,39.44
839,1970-12-01,41.23
840,1971-01-01,37.0
841,1971-02-01,22.58
842,1971-03-01,22.31
843,1971-04-01,19.76
844,1971-05-01,69.66
845,1971-06-01,96.0
846,1971-07-01,14.03
847,1971-08-01,60.66
848,1971-09-01,13.02
849,1971-10-01,26.2
850,1971-11-01,78.53
851,1971-12-01,12.2
852,1972-01-01,22.49
853,1972-02-01,9.05
854,1972-03-01,33.0
855,1972-04-01,58.1
856,1972-05-01,85.72
857,1972-06-01,95.01
858,1972-07-01,65.58
859,1972-08-01,94.46
860,1972-09-01,39.14
861,1972-10-01,23.04
862,1972-11-01,104.06
863,1972-12-01,17.25
864,1973-01-01,19.41
865,1973-02-01,43.78
866,1973-03-01,9.83
867,1973-04-01,49.83
868,1973-05-01,77.34
869,1973-06-01,52.06
870,1973-07-01,84.54
871,1973-08-01,53.44
872,1973-09-01,38.63
873,1973-10-01,68.19
874,1973-11-01,76.65
875,1973-12-01,47.32
876,1974-01-01,33.74
877,1974-02-01,55.38
878,1974-03-01,55.76
879,1974-04-01,17.06
880,1974-05-01,52.27
881,1974-06-01,50.9
882,1974-07-01,96.45
883,1974-08-01,66.37
884,1974-09-01,36.34
885,1974-10-01,125.84
886,1974-11-01,71.75
887,1974-12-01,86.62
888,1975-01-01,52.73
889,1975-02-01,22.2
890,1975-03-01,53.99
891,1975-04-01,38.82
892,1975-05-01,32.24
893,1975-06-01,119.34
894,1975-07-01,76.16
895,1975-08-01,67.18
896,1975-09-01,71.84
897,1975-10-01,24.2
898,1975-11-01,62.61
899,1975-12-01,18.32
900,1976-01-01,67.66
901,1976-02-01,18.33
902,1976-03-01,21.24
903,1976-04-01,27.77
904,1976-05-01,27.61
905,1976-06-01,13.79
906,1976-07-01,100.64
907,1976-08-01,21.33
908,1976-09-01,104.73
909,1976-10-01,41.34
910,1976-11-01,60.68
911,1976-12-01,63.12
912,1977-01-01,75.51
913,1977-02-01,100.2
914,1977-03-01,26.31
915,1977-04-01,35.02
916,1977-05-01,18.97
917,1977-06-01,86.54
918,1977-07-01,32.54
919,1977-08-01,61.95
920,1977-09-01,28.71
921,1977-10-01,24.21
922,1977-11-01,89.38
923,1977-12-01,58.0
924,1978-01-01,51.65
925,1978-02-01,46.24
926,1978-03-01,70.49
927,1978-04-01,31.1
928,1978-05-01,218.36
929,1978-06-01,86.79
930,1978-07-01,87.55
931,1978-08-01,37.6
932,1978-09-01,50.46
933,1978-10-01,31.7
934,1978-11-01,14.5
935,1978-12-01,132.14
936,1979-01-01,38.94
937,1979-02-01,73.74
938,1979-03-01,93.81
939,1979-04-01,63.79
940,1979-05-01,49.86
941,1979-06-01,43.03
942,1979-07-01,48.83
943,1979-08-01,65.02
944,1979-09-01,35.07
945,1979-10-01,45.62
946,1979-11-01,77.21
947,1979-12-01,99.29
948,1980-01-01,52.27
949,1980-02-01,47.44
950,1980-03-01,41.97
951,1980-04-01,42.06
952,1980-05-01,61.22
953,1980-06-01,117.75
954,1980-07-01,151.64
955,1980-08-01,58.58
956,1980-09-01,42.31
957,1980-10-01,86.6
958,1980-11-01,49.13
959,1980-12-01,55.4
960,1981-01-01,77.13
961,1981-02-01,36.93
962,1981-03-01,56.82
963,1981-04-01,69.39
964,1981-05-01,60.37
965,1981-06-01,91.12
966,1981-07-01,64.33
967,1981-08-01,44.25
968,1981-09-01,51.72
969,1981-10-01,186.93
970,1981-11-01,57.22
971,1981-12-01,140.84
972,1982-01-01,83.75
973,1982-02-01,14.78
974,1982-03-01,60.35
975,1982-04-01,26.71
976,1982-05-01,61.1
977,1982-06-01,79.78
978,1982-07-01,62.25
979,1982-08-01,62.56
980,1982-09-01,35.7
981,1982-10-01,144.31
982,1982-11-01,42.52
983,1982-12-01,124.25
984,1983-01-01,55.38
985,1983-02-01,50.94
986,1983-03-01,46.55
987,1983-04-01,118.11
988,1983-05-01,172.25
989,1983-06-01,43.05
990,1983-07-01,26.24
991,1983-08-01,18.69
992,1983-09-01,66.32
993,1983-10-01,37.61
994,1983-11-01,44.23
995,1983-12-01,44.21
996,1984-01-01,108.09
997,1984-02-01,84.44
998,1984-03-01,28.31
999,1984-04-01,46.19
1000,1984-05-01,140.59
1001,1984-06-01,56.06
1002,1984-07-01,66.0
1003,1984-08-01,27.35
1004,1984-09-01,109.99
1005,1984-10-01,43.17
1006,1984-11-01,56.11
1007,1984-12-01,30.36
1008,1985-01-01,45.88
1009,1985-02-01,38.43
1010,1985-03-01,37.22
1011,1985-04-01,42.4
1012,1985-05-01,83.43
1013,1985-06-01,75.12
1014,1985-07-01,58.02
1015,1985-08-01,40.16
1016,1985-09-01,27.81
1017,1985-10-01,12.01
1018,1985-11-01,75.64
1019,1985-12-01,46.21
1020,1986-01-01,80.43
1021,1986-02-01,9.01
1022,1986-03-01,80.61
1023,1986-04-01,77.09
1024,1986-05-01,66.28
1025,1986-06-01,69.03
1026,1986-07-01,62.36
1027,1986-08-01,76.84
1028,1986-09-01,99.31
1029,1986-10-01,88.6
1030,1986-11-01,40.47
1031,1986-12-01,65.8
1032,1987-01-01,32.34
1033,1987-02-01,43.8
1034,1987-03-01,63.35
1035,1987-04-01,30.16
1036,1987-05-01,100.85
1037,1987-06-01,118.84
1038,1987-07-01,98.05
1039,1987-08-01,59.52
1040,1987-09-01,46.15
1041,1987-10-01,86.23
1042,1987-11-01,62.26
1043,1987-12-01,31.04
1044,1988-01-01,84.51
1045,1988-02-01,92.07
1046,1988-03-01,129.75
1047,1988-04-01,27.3
1048,1988-05-01,69.61
1049,1988-06-01,49.66
1050,1988-07-01,67.98
1051,1988-08-01,39.47
1052,1988-09-01,64.2
1053,1988-10-01,75.03
1054,1988-11-01,39.27
1055,1988-12-01,78.48
1056,1989-01-01,15.47
1057,1989-02-01,48.12
1058,1989-03-01,33.21
1059,1989-04-01,111.08
1060,1989-05-01,42.75
1061,1989-06-01,58.97
1062,1989-07-01,60.65
1063,1989-08-01,53.56
1064,1989-09-01,21.5
1065,1989-10-01,41.79
1066,1989-11-01,46.86
1067,1989-12-01,114.03
1068,1990-01-01,36.22
1069,1990-02-01,110.58
1070,1990-03-01,20.85
1071,1990-04-01,31.19
1072,1990-05-01,17.45
1073,1990-06-01,105.93
1074,1990-07-01,29.38
1075,1990-08-01,44.14
1076,1990-09-01,65.54
1077,1990-10-01,69.94
1078,1990-11-01,84.79
1079,1990-12-01,77.23
1080,1991-01-01,52.32
1081,1991-02-01,18.79
1082,1991-03-01,29.62
1083,1991-04-01,27.95
1084,1991-05-01,19.65
1085,1991-06-01,60.35
1086,1991-07-01,55.28
1087,1991-08-01,7.6
1088,1991-09-01,53.87
1089,1991-10-01,38.1
1090,1991-11-01,82.54
1091,1991-12-01,52.25
1092,1992-01-01,35.55
1093,1992-02-01,36.02
1094,1992-03-01,77.98
1095,1992-04-01,31.84
1096,1992-05-01,39.95
1097,1992-06-01,97.62
1098,1992-07-01,72.47
1099,1992-08-01,57.24
1100,1992-09-01,30.36
1101,1992-10-01,86.23
1102,1992-11-01,99.75
1103,1992-12-01,37.02
1104,1993-01-01,52.21
1105,1993-02-01,12.82
1106,1993-03-01,12.1
1107,1993-04-01,32.01
1108,1993-05-01,75.82
1109,1993-06-01,37.84
1110,1993-07-01,75.51
1111,1993-08-01,22.07
1112,1993-09-01,88.28
1113,1993-10-01,87.6
1114,1993-11-01,22.52
1115,1993-12-01,171.28
1116,1994-01-01,70.65
1117,1994-02-01,47.5
1118,1994-03-01,55.62
1119,1994-04-01,76.34
1120,1994-05-01,74.75
1121,1994-06-01,94.55
1122,1994-07-01,46.61
1123,1994-08-01,73.76
1124,1994-09-01,90.03
1125,1994-10-01,33.15
1126,1994-11-01,35.02
1127,1994-12-01,58.1
1128,1995-01-01,123.99
1129,1995-02-01,49.56
1130,1995-03-01,76.03
1131,1995-04-01,66.54
1132,1995-05-01,93.98
1133,1995-06-01,63.99
1134,1995-07-01,104.68
1135,1995-08-01,76.71
1136,1995-09-01,100.43
1137,1995-10-01,40.99
1138,1995-11-01,52.34
1139,1995-12-01,52.13
1140,1996-01-01,4.18
1141,1996-02-01,52.12
1142,1996-03-01,21.04
1143,1996-04-01,19.91
1144,1996-05-01,97.61
1145,1996-06-01,64.2
1146,1996-07-01,76.02
1147,1996-08-01,54.49
1148,1996-09-01,18.71
1149,1996-10-01,64.69
1150,1996-11-01,124.88
1151,1996-12-01,48.97
1152,1997-01-01,23.97
1153,1997-02-01,111.26
1154,1997-03-01,31.57
1155,1997-04-01,23.8
1156,1997-05-01,55.35
1157,1997-06-01,115.96
1158,1997-07-01,91.17
1159,1997-08-01,34.73
1160,1997-09-01,14.41
1161,1997-10-01,47.17
1162,1997-11-01,67.73
1163,1997-12-01,71.2
1164,1998-01-01,63.5
1165,1998-02-01,16.42
1166,1998-03-01,35.62
1167,1998-04-01,108.06
1168,1998-05-01,32.84
1169,1998-06-01,55.88
1170,1998-07-01,47.78
1171,1998-08-01,23.63
1172,1998-09-01,86.79
1173,1998-10-01,150.64
1174,1998-11-01,56.8
1175,1998-12-01,33.06
1176,1999-01-01,54.31
1177,1999-02-01,61.3
1178,1999-03-01,80.49
1179,1999-04-01,47.98
1180,1999-05-01,60.9
1181,1999-06-01,62.88
1182,1999-07-01,75.39
1183,1999-08-01,41.92
1184,1999-09-01,52.68
1185,1999-10-01,37.41
1186,1999-11-01,48.22
1187,1999-12-01,146.86
1188,2000-01-01,30.23
1189,2000-02-01,70.9
1190,2000-03-01,64.31
1191,2000-04-01,43.85
1192,2000-05-01,100.22
1193,2000-06-01,37.42
1194,2000-07-01,128.24
1195,2000-08-01,55.15
1196,2000-09-01,90.48
1197,2000-10-01,53.47
1198,2000-11-01,76.49
1199,2000-12-01,49.38
1200,2001-01-01,74.97
1201,2001-02-01,59.85
1202,2001-03-01,140.32
1203,2001-04-01,74.62
1204,2001-05-01,27.0
1205,2001-06-01,60.99
1206,2001-07-01,37.85
1207,2001-08-01,51.64
1208,2001-09-01,88.45
1209,2001-10-01,45.46
1210,2001-11-01,87.57
1211,2001-12-01,73.67
1212,2002-01-01,28.02
1213,2002-02-01,124.46
1214,2002-03-01,72.29
1215,2002-04-01,38.29
1216,2002-05-01,98.92
1217,2002-06-01,45.57
1218,2002-07-01,111.21
1219,2002-08-01,75.74
1220,2002-09-01,53.36
1221,2002-10-01,95.62
1222,2002-11-01,99.36
1223,2002-12-01,59.57
1224,2003-01-01,85.93
1225,2003-02-01,10.98
1226,2003-03-01,17.72
1227,2003-04-01,24.77
1228,2003-05-01,78.66
1229,2003-06-01,28.94
1230,2003-07-01,60.12
1231,2003-08-01,27.93
1232,2003-09-01,28.55
1233,2003-10-01,69.17
1234,2003-11-01,41.78
1235,2003-12-01,24.33
1236,2004-01-01,94.88
1237,2004-02-01,22.38
1238,2004-03-01,22.25
1239,2004-04-01,21.11
1240,2004-05-01,49.82
1241,2004-06-01,35.49
1242,2004-07-01,58.7
1243,2004-08-01,88.76
1244,2004-09-01,37.34
1245,2004-10-01,71.63
1246,2004-11-01,38.4
1247,2004-12-01,34.1
1248,2005-01-01,36.97
1249,2005-02-01,48.4
1250,2005-03-01,35.87
1251,2005-04-01,72.44
1252,2005-05-01,54.89
1253,2005-06-01,32.33
1254,2005-07-01,51.0
1255,2005-08-01,52.95
1256,2005-09-01,38.45
1257,2005-10-01,36.72
1258,2005-11-01,31.44
1259,2005-12-01,56.77
1260,2006-01-01,23.24
1261,2006-02-01,37.11
1262,2006-03-01,66.5
1263,2006-04-01,35.6
1264,2006-05-01,64.4
1265,2006-06-01,45.65
1266,2006-07-01,51.25
1267,2006-08-01,154.37
1268,2006-09-01,30.88
1269,2006-10-01,106.14
1270,2006-11-01,29.42
1271,2006-12-01,32.97
1272,2007-01-01,40.61
1273,2007-02-01,77.93
1274,2007-03-01,73.86
1275,2007-04-01,0.08
1276,2007-05-01,87.28
1277,2007-06-01,102.29
1278,2007-07-01,76.7
1279,2007-08-01,60.73
1280,2007-09-01,46.31
1281,2007-10-01,10.0
1282,2007-11-01,51.67
1283,2007-12-01,52.26
1284,2008-01-01,44.17
1285,2008-02-01,44.75
1286,2008-03-01,80.95
1287,2008-04-01,69.16
1288,2008-05-01,37.43
1289,2008-06-01,64.72
1290,2008-07-01,55.51
1291,2008-08-01,88.24
1292,2008-09-01,37.64
1293,2008-10-01,64.13
1294,2008-11-01,18.6
1295,2008-12-01,37.92
1296,2009-01-01,35.12
1297,2009-02-01,56.68
1298,2009-03-01,66.16
1299,2009-04-01,37.53
1300,2009-05-01,51.21
1301,2009-06-01,68.37
1302,2009-07-01,106.2
1303,2009-08-01,28.33
1304,2009-09-01,27.42
1305,2009-10-01,44.83
1306,2009-11-01,76.85
1307,2009-12-01,102.13
1308,2010-01-01,44.93
1309,2010-02-01,57.86
1310,2010-03-01,31.22
1311,2010-04-01,26.11
1312,2010-05-01,118.48
1313,2010-06-01,59.47
1314,2010-07-01,60.68
1315,2010-08-01,126.82
1316,2010-09-01,60.87
1317,2010-10-01,23.27
1318,2010-11-01,89.6
1319,2010-12-01,134.79
1320,2011-01-01,54.31
1321,2011-02-01,19.26
1322,2011-03-01,11.04
1323,2011-04-01,16.61
1324,2011-05-01,28.33
1325,2011-06-01,71.24
1326,2011-07-01,77.79
1327,2011-08-01,99.84
1328,2011-09-01,32.15
1329,2011-10-01,31.7
1330,2011-11-01,1.52
1331,2011-12-01,133.91
1332,2012-01-01,65.13
1333,2012-02-01,9.14
1334,2012-03-01,6.02
1335,2012-04-01,40.25
1336,2012-05-01,49.04
1337,2012-06-01,80.46
1338,2012-07-01,71.73
1339,2012-08-01,40.49
1340,2012-09-01,50.54
1341,2012-10-01,47.53
1342,2012-11-01,81.58
1343,2012-12-01,98.96
1344,2013-01-01,37.23
1345,2013-02-01,41.69
1346,2013-03-01,27.9
1347,2013-04-01,63.55
1348,2013-05-01,152.06
1349,2013-06-01,68.36
1350,2013-07-01,34.77
1351,2013-08-01,68.24
1352,2013-09-01,82.0
1353,2013-10-01,110.85
1354,2013-11-01,74.33
1355,2013-12-01,42.49
